Modelo,tipo:modelo,horizonte,usa_sentimiento,Acc,B_Acc,F1,ROC
Dummy_MostFreq,ML,5d,1,0.5569852941176471,0.5,0.7154663518299882,0.5
Logistic_Reg,ML,5d,1,0.5716911764705882,0.5314558426797037,0.6970091027308193,0.5655615354066527
Random_Forest,ML,5d,1,0.5533088235294118,0.4966996699669967,0.7124260355029586,0.44544869424701805
Hist_GB,ML,5d,1,0.5496323529411765,0.49382386371417225,0.7086801426872771,0.4727414650178711
