Modelo,tipo:modelo,horizonte,usa_sentimiento,Acc,B_Acc,F1,ROC
Dummy_MostFreq,ML,5d,0,0.5569852941176471,0.5,0.7154663518299882,0.5
Logistic_Reg,ML,5d,0,0.5220588235294118,0.5174670994070362,0.5652173913043478,0.5173027676211603
Random_Forest,ML,5d,0,0.5551470588235294,0.4987743587636772,0.7132701421800948,0.46393602015803237
Hist_GB,ML,5d,0,0.5551470588235294,0.49962340632403485,0.7119047619047619,0.46381961847637043
