Modelo,tipo:modelo,horizonte,usa_sentimiento,Acc,B_Acc,F1,ROC
Dummy_MostFreq,ML,1d,0,0.4944852941176471,0.5,0.6617466174661747,0.5
Logistic_Reg,ML,1d,0,0.5036764705882353,0.5039810746873944,0.5143884892086331,0.4931801284217642
Random_Forest,ML,1d,0,0.49264705882352944,0.4979790469753295,0.6567164179104478,0.49389658668469083
Hist_GB,ML,1d,0,0.5,0.5044812436633999,0.6430446194225722,0.5187901318012842
