Modelo,tipo:modelo,horizonte,usa_sentimiento,Acc,B_Acc,F1,ROC
Dummy_MostFreq,ML,1d,1,0.4944852941176471,0.5,0.6617466174661747,0.5
Logistic_Reg,ML,1d,1,0.4944852941176471,0.4950118283203785,0.5149911816578483,0.4939236228455559
Random_Forest,ML,1d,1,0.49080882352941174,0.4962825278810409,0.6584463625154131,0.4849746535991889
Hist_GB,ML,1d,1,0.5018382352941176,0.5059344373099021,0.6352624495289367,0.5073943899966205
