Modelo,tipo:modelo,horizonte,usa_sentimiento,Acc,B_Acc,F1,ROC
LSTM,LSTM,5d,1,0.5655430711610487,0.5,0.722488038277512,0.5874628910710208
