Modelo,tipo:modelo,horizonte,usa_sentimiento,Acc,B_Acc,F1,ROC
LSTM,LSTM,1d,1,0.5093632958801498,0.5104505667152957,0.6191860465116279,0.5372432948041747
