Modelo,tipo:modelo,horizonte,usa_sentimiento,Acc,B_Acc,F1,ROC
LSTM,LSTM,5d,1,0.5711610486891385,0.5069650605160996,0.7244283995186522,0.5880908883306691
