Modelo,tipo:modelo,horizonte,usa_sentimiento,Acc,B_Acc,F1,ROC
LSTM,LSTM,5d,0,0.5730337078651685,0.509619776204613,0.7246376811594203,0.5064369719113953
