Modelo,tipo:modelo,horizonte,usa_sentimiento,Acc,B_Acc,F1,ROC
LSTM,LSTM,5d,1,0.5711610486891385,0.5159568394610642,0.7119496855345911,0.5697219684859557
