Modelo,tipo:modelo,horizonte,usa_sentimiento,Acc,B_Acc,F1,ROC
LSTM,LSTM,1d,1,0.5112359550561798,0.5127510941532937,0.6515353805073432,0.5466979014700932
