Modelo,tipo:modelo,horizonte,usa_sentimiento,Acc,B_Acc,F1,ROC
LSTM,LSTM,1d,0,0.49625468164794007,0.49798002468858715,0.6546854942233633,0.4897317921669846
