Modelo,tipo:modelo,horizonte,usa_sentimiento,Acc,B_Acc,F1,ROC
LSTM,LSTM,1d,1,0.49812734082397003,0.49990180675569523,0.6590330788804071,0.5448743126472899
